questionnaire_id,linkid,sample_value,response_count
Questionnaire/104394,01353b1d-f816-41c1-b330-910e9a76ed12,Paracetamol ,4
Questionnaire/104394,0397084a-cd51-4b3a-809d-970a2406ea49,Drowning,11
Questionnaire/104394,06f9231a-999b-4459-8260-6fbbcdfc5d81,hw3,1
Questionnaire/104394,07c2e8dc-b48b-4bc7-b21b-c196cce32709,988,5
Questionnaire/104394,08b5e17c-5e14-4b19-ac93-9e479cd2a2bb,758,17
Questionnaire/104394,0b247120-23cf-45fc-9e4d-d959f0dda79f,Wee,28
Questionnaire/104394,0c308fef-8ce5-4217-a8d4-8e6ff00c8e14,64353,1
Questionnaire/104394,101d2b7f-2b68-407d-aa49-30cb4dadc888,U,13
Questionnaire/104394,11aadd88-0cf9-48b2-939d-2b3e28191c5f,Ttttt,4
Questionnaire/104394,12d89dfd-5e43-4f00-8446-b3af23323969,Yh,13
Questionnaire/104394,13321778-b5d4-4b01-8eda-610cf0007c86,Xsd,19
Questionnaire/104394,13e2f934-82ed-4b23-af6e-95523dc3746a,hw4,1
Questionnaire/104394,14ec8995-eee9-416f-83ad-9f44631ac9b0,Yyy,11
Questionnaire/104394,15e5007d-028f-4644-8fb6-0346730c3101,Pesa,5
Questionnaire/104394,176aeeb0-e173-482a-b3eb-60f59bc04f98,Tiredness,29
Questionnaire/104394,1895c0a7-b090-4f49-9b0c-08dca9a7b225,Yogi,5
Questionnaire/104394,18d8ee56-ffd8-4711-9074-126ef2cdc564,Using a weapon,14
Questionnaire/104394,1a00c7b7-e80d-4e90-8ed4-efd8f6d96268,945984654,5
Questionnaire/104394,1d0ad825-09de-4018-a680-cd0e6bf0983d,hw3,1
Questionnaire/104394,1fc8f8e7-2022-48d2-b41d-4e8ad22af344,988,5
Questionnaire/104394,20cae99e-ab90-4d75-92a2-c0af5dd60942,Soda,8
Questionnaire/104394,229e58ac-a18a-48dd-be10-f8b024a74eb3,rr,6
Questionnaire/104394,22c11dbc-73e0-4470-9ef6-d9bd01f48c99,With rope ,9
Questionnaire/104394,245e5273-e28b-41d2-a152-1f70d85576c8,2025-09-18,17
Questionnaire/104394,249f5ce8-ecc0-4e43-9675-6b01ca1502a3,Plolol,5
Questionnaire/104394,24e98b7c-2b1c-4ebe-946f-bcb77bc2aa36,rr,6
Questionnaire/104394,2728e75c-a0e9-4cd9-8d35-962e4f71bf41,,12
Questionnaire/104394,28b2e31a-ee4d-4e99-8974-b616145311eb,Y,6
Questionnaire/104394,2a6c5feb-8034-418b-8644-142a5e31df63,Sana,5
Questionnaire/104394,2b2e05e9-0c11-490c-bbff-278ba90d7b4e,W,7
Questionnaire/104394,2b96f1d9-3450-423d-a277-060fcfdadc6b,Jumping,7
Questionnaire/104394,2c7b6bd7-36f6-495b-9f41-eb492c07c7b2,Other,12
Questionnaire/104394,2cedd4dd-15e5-4951-8674-ea4d4eeb7cfc,Rrrrr,4
Questionnaire/104394,2e03fdf1-5274-494d-88e9-dd4b41ec90e6,Watching TV,27
Questionnaire/104394,2f44652f-df2d-476e-933d-75b6ed55f5f2,hw4,1
Questionnaire/104394,3314932c-64e4-4192-b583-eb31e87da1d0,64635,1
Questionnaire/104394,33ae3bce-ebd5-4dbc-b40c-a4cbc30736e6,wait what,29
Questionnaire/104394,36dd1467-a7a1-428c-bdca-17d352a79904,Yy,34
Questionnaire/104394,370c849b-0e00-42ac-be9d-3b4c719ac31a,With razor ,5
Questionnaire/104394,3785a264-8bd5-44ab-bf08-8aa33735c0eb,Xsd,19
Questionnaire/104394,39de8b74-5cbc-4225-b27b-c97e72f08af3,Weuh,13
Questionnaire/104394,3ab931b8-6bfd-4e5f-b86b-3c7377907331,Water ,8
Questionnaire/104394,3cae39d6-8d44-4fe4-835b-3f3ecd9b64fe,Sleeping ,17
Questionnaire/104394,3e388595-a32f-4623-8c9f-3c67bad04070,Sana,6
Questionnaire/104394,40d6a87f-9498-4cfd-b233-4610e6de08c2,p4,5
Questionnaire/104394,40d8ef64-02f0-42ae-9478-77651bd26dfa,clinic5,1
Questionnaire/104394,40fbe8d0-4380-4efc-bb04-26fc7d3714eb,Xc,35
Questionnaire/104394,41cce38a-ca5c-4e24-904a-25b1027336ed,p2,5
Questionnaire/104394,437d9ea2-adb5-471a-828b-a0285a282217,Yh,13
Questionnaire/104394,44f02467-8ee0-49f0-8da7-5e7ed827125a,Ws,4
Questionnaire/104394,45772f3f-c610-408b-942b-359769945cf4,765443,1
Questionnaire/104394,46c2861b-70a9-4fdf-94ea-e1a01cae3149,765443,1
Questionnaire/104394,4a1c4c0d-158f-494c-a33f-1f7f8e41f21f,what,28
Questionnaire/104394,4d334b16-ea16-4299-94ed-32e84ef97021,address4,1
Questionnaire/104394,5056d0ba-67ac-4eab-b05d-d42941f7b264,what,27
Questionnaire/104394,509b140e-b195-4696-bc5f-f2fc2d2f77dd,Yvhjvhjchjv,36
Questionnaire/104394,5151ea93-a0f2-478d-adb6-f31374107b52,Tigger,19
Questionnaire/104394,527c0166-cc35-4cc3-a9d9-7eeb0a54635e,Yogi,5
Questionnaire/104394,52ef2ff5-ced6-418a-b9e7-f2ef47123df5,,4
Questionnaire/104394,53072f88-a81c-4f18-a49f-f85f64fb5be7,Taking Pills,36
Questionnaire/104394,5324bdce-baaa-45bf-935a-eb2f65bd7124,U,13
Questionnaire/104394,53932020-eed8-46f4-8236-d548a6335a59,O,8
Questionnaire/104394,53a575e3-aa59-408d-a0dd-8df237b68bf7,Tuseme,19
Questionnaire/104394,53def3a1-a7e5-4326-95f2-2561c26ecb47,Oki,16
Questionnaire/104394,544a444d-b101-4d56-9351-00bca8ec749e,Val,18
Questionnaire/104394,54b75d55-1c43-4552-acbf-d9754831add8,address5,1
Questionnaire/104394,57e87170-761c-4b57-a09c-d50cab02860c,Utafanya,9
Questionnaire/104394,5846d53f-171d-47c4-89ad-4016c3be8233,yo2,37
Questionnaire/104394,58721b3d-88ae-4888-b5ec-ef7dfe30fb3d,wait,13
Questionnaire/104394,5a79866d-f1fb-4bd8-b4c4-f18c982bef3c,hw5,1
Questionnaire/104394,5e2ab0f5-f5d9-4502-befe-aba770f0e206,Vhv,29
Questionnaire/104394,603d1492-316f-497f-967b-5c4b1ab983ea,Okli,32
Questionnaire/104394,62a04638-8928-4aab-b490-1a33739b7a5c,p4,5
Questionnaire/104394,62b0eb17-46e5-4c50-a133-087cc190a123,Okli,32
Questionnaire/104394,65252389-fa9e-4ef4-93ca-e952c77c4c05,wait what,28
Questionnaire/104394,656a57f8-f6f0-4fc5-b347-71dd8d38f596,Y,22
Questionnaire/104394,658e8c22-d6ba-480a-81e0-dc4b6164de13,Tiredness,29
Questionnaire/104394,68608473-77e6-4341-9f1b-d4d18b17d3de,Water ,8
Questionnaire/104394,68fa6f2e-84ec-4dbc-900e-10ede297c488,8464315,18
Questionnaire/104394,69d5aec4-65d3-44b1-99ba-badd201769c5,Yh,7
Questionnaire/104394,6a273a98-82ca-4d36-ade0-ce98f7899972,U,5
Questionnaire/104394,6ac23c5d-0035-4895-85f2-33c2fbba8f3f,Wouldn't reach out if closed,4
Questionnaire/104394,6bbdb2cf-e7f6-443a-8f4e-841e16bb9b75,Workplace,7
Questionnaire/104394,6f68c416-a5de-4f68-8ad0-33c6e85a9a68,Soda,8
Questionnaire/104394,705df2d9-af92-4f4f-b513-17e01d07b609,Sana,6
Questionnaire/104394,706fc36f-efef-4bf9-827e-7dc100cc92bc,Phone number,7
Questionnaire/104394,72e5c1b7-7ce9-49bd-834b-d98b73ba7090,65776,5
Questionnaire/104394,74d0f0df-e726-4c40-84ce-efece882818b,554436,1
Questionnaire/104394,7845c436-4904-41fa-9553-2c401935623b,T,5
Questionnaire/104394,796f5440-54f8-4d69-b961-a5b7e6a63240,hospital4,1
Questionnaire/104394,7b51625b-73b9-472d-9c71-299beb26694f,87654,1
Questionnaire/104394,7ca03155-c9ec-45e1-8cd0-5b86fa444ad0,p5,1
Questionnaire/104394,7d8621a4-dcc8-4f48-9210-3fb7d0dcc3c7,W,7
Questionnaire/104394,7e38a614-b0a2-48ea-b7c7-ca2bdc1f00db,Was,11
Questionnaire/104394,808ba31c-cd29-4743-8801-dfce357d5956,Tj,39
Questionnaire/104394,82d6b50b-0bb2-40f6-94b1-7a4c58df43f9,Uj,2
Questionnaire/104394,83661ebe-71cf-4eab-88e3-bfecbfe35164,thirs warning sign,12
Questionnaire/104394,83dfd82f-0277-459d-abe3-e8795750f288,Yh,7
Questionnaire/104394,84018cd8-9134-429c-8dfe-fd6a16e4bd17,Number- should it say contact details or phone number?,17
Questionnaire/104394,86da79f0-44cb-417d-ab20-c7ecc6f8f7c8,hospital4,1
Questionnaire/104394,87dab385-fe6b-44ce-b6b2-5771c41d82c8,Sleeping ,18
Questionnaire/104394,8891cd7b-ad1c-4030-afe4-6752cd273cf4,Work schedule,25
Questionnaire/104394,88e9b865-b81a-494b-aef2-39e803b94e73,not wep,10
Questionnaire/104394,892337bd-d7fd-46a7-bf72-08e87c9f412c,hhhhh,4
Questionnaire/104394,895fad45-c3b5-47c5-9edf-5f9b9e793fbf,Place 2,18
Questionnaire/104394,8a1155e2-6c49-4f82-a9fc-2807ee298410,Task/f9d509fc-90d9-439c-9272-a10cf27c952f/_history/1,28
Questionnaire/104394,8a5b1c7d-e3ef-4443-85f1-fa5213d89f8d,p5,1
Questionnaire/104394,8a9424b0-c893-4371-b5c9-bc0008be14b4,Oki,16
Questionnaire/104394,8c1ac4fe-1d76-4436-8f34-d315c6c17b9c,Ws,4
Questionnaire/104394,90cedcbf-bf11-4dc3-9733-42e6900a09fc,WWaS abke to catch a little bit of sleep. Next day talked to friend who recommended to enroll in eng,38
Questionnaire/104394,92ab6e65-f9bd-4718-8af6-f731425d3031,Yhut,38
Questionnaire/104394,92da95cc-50dd-4bf0-acca-4465c07d44cc,64635,1
Questionnaire/104394,965b7874-dd24-4215-acd4-8d241a262638,ffff,4
Questionnaire/104394,98407058-4855-44cc-ac45-6e0d0c072fdd,Ghvcdu,2
Questionnaire/104394,991ba845-38e5-4622-8528-dfeefbf20d3d,Socialize,11
Questionnaire/104394,9aeae470-6ea4-4e7f-9644-ed0375fb6369,fam4,2
Questionnaire/104394,9b1b11e8-608f-4ea9-911b-88aae467ac27,64353,1
Questionnaire/104394,9d203bac-75fd-4f31-bed6-073502a977f3,Was at home after gemtting back k from work. Was around 11pm or 12am,38
Questionnaire/104394,9e11ce97-90e8-42f2-ba18-8c4f0720c131,554436,1
Questionnaire/104394,9ea8d78b-3288-4ec8-8288-459c03df64f0,,31
Questionnaire/104394,9f3a622a-d39b-49b0-84e7-0bcf4f832a4f,Sana,5
Questionnaire/104394,9f46e0ff-0532-4105-be36-0cfa9d0770f2,Uj,2
Questionnaire/104394,9f531e61-26cf-4223-8653-39c24d6dd478,Place 2,18
Questionnaire/104394,9faa2b78-1842-4326-bf7f-9975bf04dc2c,address5,1
Questionnaire/104394,a0017b28-0aa9-4926-a7be-813f0a5e6bd0,Tj,39
Questionnaire/104394,a1c56f60-b823-4c15-b99d-a315d2ca1871,Upate,10
Questionnaire/104394,a20b29af-3317-415e-9c6e-d9f3bbc4df33,Yh,7
Questionnaire/104394,a25cb682-be35-4909-965e-01b8c2d036a2,"yoga, playing with dog",25
Questionnaire/104394,a320b787-4cba-457f-9c60-67ff76c7020f,Vhv,11
Questionnaire/104394,a33cdecd-b7e6-45d8-94b6-52fa80c64a6d,Yh,7
Questionnaire/104394,a3670632-ce8f-468a-b2f3-6934245d3531,Wee,28
Questionnaire/104394,a57b5b34-12e5-4ec8-8215-7f316267323a,Vhv,10
Questionnaire/104394,a5d96f90-cd91-4a5b-8862-c4e3f88694af,Hanging,11
Questionnaire/104394,a6d066a2-0286-49b0-b688-34696e7fb256,Y,13
Questionnaire/104394,a842d271-cd48-47c7-963e-dcd0376ef185,,58
Questionnaire/104394,ac3206dd-b60b-4cb1-a559-3a770a685668,80588858,2
Questionnaire/104394,ae4fa455-f173-435a-bb1b-4df1d1316bd9,Zds,24
Questionnaire/104394,ae949697-92ae-476a-96cc-f8b0adc4221f,U,5
Questionnaire/104394,b36fdd5f-ccac-457c-a8ea-f9497204ef1d,Was,11
Questionnaire/104394,b676a0c2-cda0-4762-be79-2a94205ee68b,Watching TV,26
Questionnaire/104394,b6f126dd-eac5-42e4-8896-e7400b0c0496,,4
Questionnaire/104394,b7e42cdb-a42b-4d22-b7a6-204de5305351,Video Games,24
Questionnaire/104394,bc981d8a-7f22-450b-abab-3acca810ccad,Witu,37
Questionnaire/104394,bd62b649-7209-4d32-9bbb-dc2b2823aadb,46464,4
Questionnaire/104394,bd7644ee-28f1-4f43-a654-17fd5034d1f6,Y,4
Questionnaire/104394,be88b027-64b6-4c3c-bf59-36a94dc79b12,Yyy,11
Questionnaire/104394,beb4ad5f-2fd8-4b80-aa93-aa9ff1896dd0,Xc,35
Questionnaire/104394,bfe595d6-325f-492a-b3b6-cc5541e18c3f,Plolol,5
Questionnaire/104394,c0655b11-8f21-47ed-8ede-95498c2e8200,Workplace,6
Questionnaire/104394,c1d9c871-c1f8-41cc-8c54-edd4e5b162fe,Val,28
Questionnaire/104394,c1e99f8b-b1ab-46d1-b205-ecbbb4240fdf,758,17
Questionnaire/104394,c37407c5-003a-4b7c-b6a3-e10ef146a47b,,10
Questionnaire/104394,c396a3af-6f0d-4a8e-a42b-4f47bbce5f46,Witu,37
Questionnaire/104394,c3b4cf6e-385d-40b7-9380-4de2f81463de,thirs warning sign,12
Questionnaire/104394,c5720a67-803f-4917-8261-3738de838418,Wetfr,7
Questionnaire/104394,c631e361-027c-4e4d-b894-48785a3e6dd0,Y,13
Questionnaire/104394,c6c266cc-1c85-41c0-97ce-9ab491be45db,6958,32
Questionnaire/104394,c802f463-c8f5-4056-bc45-8ab8d64a1966,Y,22
Questionnaire/104394,cb75bba9-0bd8-4dce-ba2f-d1b21a97c2a0,p3,1
Questionnaire/104394,cce2de12-cf62-44ff-84e8-9eb4d864d048,Weuh,13
Questionnaire/104394,ce0fdd41-6b09-4104-9998-a04c5dd9a5b7,Vhv,29
Questionnaire/104394,ce18eee3-aa64-4423-8db1-50fe7f00850d,p4,1
Questionnaire/104394,ce56c71d-9ea4-4c8e-9e9a-d1da93bac1d4,8948545112,31
Questionnaire/104394,cebffdf4-8fd1-4829-884c-41cc42bc0111,hw5,1
Questionnaire/104394,cecb89ae-abce-411c-b4ce-f84ebf59ca14,Nitabuy,4
Questionnaire/104394,cece37bc-897b-4b48-a9c9-59ecc9f997f7,wait,13
Questionnaire/104394,cf16ca6e-8b1b-467d-b807-fc5d50339f71,87654,1
Questionnaire/104394,cf896559-dff5-4704-94a0-6a6aedee53c5,Rf,6
Questionnaire/104394,d0aa3679-e465-4225-85d6-5822efb10eba,Walking in the park,26
Questionnaire/104394,d1c2fae1-f0f5-4333-97f6-2220d2ff3d95,yo2,37
Questionnaire/104394,d1efad02-3686-4ce3-a96d-68d8c638ff77,Yy,20
Questionnaire/104394,d2572206-b47c-4d1e-85cb-812d13a60a85,,10
Questionnaire/104394,d3340d7e-9b84-4559-8a11-bed5a662a6f2,not wep,10
Questionnaire/104394,d4ebe784-07d0-4312-8a46-634c0e338a54,Wrist,7
Questionnaire/104394,d5194db0-0546-4bd1-96d8-d56457930c03,p3,1
Questionnaire/104394,d617b1e1-ea22-4863-a878-627f6b81963e,Phone number,6
Questionnaire/104394,d82c6ae9-0516-4513-91fa-664686779d6a,Was,11
Questionnaire/104394,d8615ac7-96b2-46a2-b3a5-b5b83945b444,Wouldn't reach out if closed,4
Questionnaire/104394,dae7f411-758d-4800-9842-fc0038a6b4a4,clinic5,1
Questionnaire/104394,db779cb5-5335-4eb6-8ccc-47ec94c626c8,None ,10
Questionnaire/104394,df53c378-27fe-483d-a630-f7b171f72980,hhhhh,4
Questionnaire/104394,dfa1f239-2a4c-40bd-ab15-561f6d87febf,With rope ,9
Questionnaire/104394,dfaddf2d-30a3-4f8f-b2fa-ffa675daa5c9,2025-02-04,11
Questionnaire/104394,e45b778d-ee8c-4ee9-81f4-8927006160f9,6958,32
Questionnaire/104394,e4a1be29-fe8b-4423-91bc-6b4f5d730e6b,367464,1
Questionnaire/104394,e510a8cf-0bc7-4577-b9ee-ca758d431aa0,Taking toxins,10
Questionnaire/104394,e552afd3-2816-446e-9ff5-e898bc813660,Ssss,8
Questionnaire/104394,e6262800-1e24-4348-9bf2-9bb070d2f20a,Tiktok dance challenges,25
Questionnaire/104394,e7ba8485-5154-41b8-ac18-35410a83cd99,p2,5
Questionnaire/104394,e8726638-cfdb-40ae-b72c-f1d594f64de5,945984654,5
Questionnaire/104394,e9c42647-eefb-42bd-9080-f83630729606,Number- should it say contact details or phone number?,26
Questionnaire/104394,e9e056c2-0469-4523-a28f-1000fed1a4f1,Rf,4
Questionnaire/104394,ea95a315-f903-4351-87ed-c1e7e7b74198,Time ,9
Questionnaire/104394,ec2a78e1-e70b-4f66-86b1-561cffaf9ffd,,1
Questionnaire/104394,ec54e447-c981-4dd2-aaa4-659f8e494248,p4,1
Questionnaire/104394,ee5d4acf-ecf0-4e62-8924-cff17a33679d,Cutting,10
Questionnaire/104394,f14c3c34-f80a-4481-9d9c-9b05267d4c39,Wetfr,7
Questionnaire/104394,f1fef9d7-2ab9-4ead-9c24-c4dc9c7ed4cc,Travel instagram,13
Questionnaire/104394,f311f3ca-5537-4134-8828-5e537bb26a9c,Rrrrr,4
Questionnaire/104394,f39df336-a0b8-4d0b-9bd2-6c4284985491,,12
Questionnaire/104394,f5ab53d4-824c-460f-8939-b86ff3cd97a3,Tigger,19
Questionnaire/104394,f7496859-63bb-4b2f-8f75-96e44e893bf7,Zds,24
Questionnaire/104394,f7513e58-a495-49d7-a549-ba4d84fb5003,Wde,11
Questionnaire/104394,f8861b1c-781f-4f12-b4c8-f8110f0c2cc0,Going in front of a moving vehicle,5
Questionnaire/104394,f895ed4f-5004-4da4-9d59-c21293674b21,address4,1
Questionnaire/104394,f952feaf-7abc-4f6f-a3bc-d10a43ea62fa,Y,6
Questionnaire/104394,faefef23-d2e6-4777-b628-8f83921e8fd8,Travel instagram,13
Questionnaire/104394,fba783e8-91d0-4a49-ba80-c55fa9e41a54,<b>Trans Lifeline</b> (peer support run by and for trans people): Call 1-877-565-8860 or visit <u>tr,16
Questionnaire/104394,fc5c673b-41d4-4352-86bb-043c73ed9807,ffff,4
Questionnaire/104394,fd1498e5-abf7-4ebe-9252-97994d6b9449,Nitabuy,4
Questionnaire/104394,fdd7c3c3-f2c3-43bd-8a80-6b48aa2b9604,Was,19
Questionnaire/104394,fe2f0911-8ddc-412b-a3e6-f216620d147e,T,5
Questionnaire/104394,fefdc90f-fe1d-4bfb-af93-94df8c482897,Ttttt,4
Questionnaire/104394,ff115c26-95b9-4e0d-87ed-80817d438fc7,Ol,11
Questionnaire/104453,18c6510f-b294-4741-ae43-9cbbc4ba7e36,,10
Questionnaire/104453,27b1e829-9ad9-41c2-8cb5-01ce1f469896,,7
Questionnaire/104453,2dd6c90f-ea68-45ba-9d30-58e02ab0812b,"Yes, I have spoken to a supervisor and would like to proceed",32
Questionnaire/104453,4c804862-f4b9-49df-aae4-c7802e723c76,Referral to mental health specialist,7
Questionnaire/104453,53b30f12-74eb-474c-941c-5f0e81b7eb9f,Owjjwjw,3
Questionnaire/104453,783e2646-c8ea-466d-bba8-85c891a14435,Th,39
Questionnaire/104453,d02eb882-411e-4bc0-af9d-08a77fcc3f50,Mark,3
Questionnaire/104453,ed537539-d317-43fc-a4b3-38de5e15ea4f,Safety Planning Intervention,69
Questionnaire/104453,f4b782e5-18e1-4edf-a3ff-409feb207253,,71
Questionnaire/104455,06e33f1f-7202-4d5e-94d1-efbeabaa3e7d,,55
Questionnaire/104455,2897fef9-abcf-4bb3-b33f-2accae4c06c5,,48
Questionnaire/104455,35062b98-748b-441c-ad74-185823e1bb52,,71
Questionnaire/104455,3f85f2ef-d781-4001-8df5-99a9ac5a656b,,88
Questionnaire/104455,41aee132-ab8e-4d64-a322-eed88f900edb,,71
Questionnaire/104455,43898926-e9d5-400e-a095-62a8c7f8dd03,Kejwjiq,5
Questionnaire/104455,567e992d-fb9e-4608-9be1-9277beae3c23,,71
Questionnaire/104455,644c00f2-8b07-4911-92d0-f05f5e5cc837,Serd,3
Questionnaire/104455,71dbaac9-867f-4d7f-b6d7-e1f59402bbf9,Sed,3
Questionnaire/104455,7cc2e8a9-197a-42ea-9431-ba01eefc6511,,95
Questionnaire/104455,7fc39fba-84db-490d-af4e-8f772d91ffda,Jejjw,3
Questionnaire/104455,91e9233a-9ab1-410a-b5e3-b30867355cea,,88
Questionnaire/104455,a6601f97-0a34-49d0-b181-611d6705ca42,Pwkjwj,3
Questionnaire/104455,c7d21a57-0fc6-4e3a-b411-beceb1fb2423,Owjwjw,3
Questionnaire/104455,d60ed1ee-79c9-444f-aff7-d346974426ab,,88
Questionnaire/104455,e2a74544-b333-4767-b3e3-7772413419ce,,93
Questionnaire/104455,ecabd308-c45a-41f7-8754-b1f63a101019,Proceed,4
Questionnaire/1613531,05990b62-11a8-4ab7-8988-1d2a17edcff7,One year or more,25
Questionnaire/1613531,0e027468-c1e9-4977-f5f5-1cfa00ab8af5,Xxxxx,4
Questionnaire/1613531,1fdf1a17-7af6-413f-81e9-cf6823fe7fde,Indian,2
Questionnaire/1613531,2f8a7973-d9bb-493b-aa68-fb01e0f1aefe,Outside the United States (including Puerto Rico or other U.S. Territory/Commonwealth).,54
Questionnaire/1613531,3409c1f0-adf5-4b3b-8ea3-e7672e4cb5af,Ffffgg,35
Questionnaire/1613531,3960c72d-b6e7-418e-86e9-f8348a49e739,Prefer not to answer,7
Questionnaire/1613531,4baa9e68-fe7a-489a-8b03-cc045b53d93d,8,12
Questionnaire/1613531,5b133a13-0303-4d2f-8884-ffa931d2c173,Working now,55
Questionnaire/1613531,66d30814-73ea-4fa4-edf8-d0d79378b130,Some of the Time,45
Questionnaire/1613531,6e621fcc-a25c-4070-8fda-894bb9df68e4,35,11
Questionnaire/1613531,7b68e9a3-703a-4b57-876e-8dd400826db9,White,55
Questionnaire/1613531,8f600ee9-8d17-43df-ed68-c9a7de2da7d0,"Straight: that is, not gay or lesbian, etc. ",7
Questionnaire/1613531,92fed595-49f2-4fab-81ff-885941f31e07,Shelter,6
Questionnaire/1613531,9cce9788-d7e7-4456-d455-5bd8dc3d2f2a,Widowed,55
Questionnaire/1613531,b4afce83-4279-4d19-8a8b-1e0b7e1ba73c,None of these describe me,7
Questionnaire/1613531,d7e0e5c9-35bd-40bc-9224-9cf9e4b9dbba,"Some high school, but did not graduate",53
Questionnaire/1613531,f11fe547-9be9-4693-8a85-f252e4a6262f,Puerto Rico,20
Questionnaire/1613532,4602f806-3bf4-4f16-bee1-c2e690dca588,,6
Questionnaire/1613532,4e9014d1-e07c-492e-897a-3bf7e8f6f018,Referral to mental health specialist,6
Questionnaire/1613532,80499f94-3f2a-4f0f-9a21-7fa252b33e29,Retake screening,8
Questionnaire/1613532,8a051272-efb0-4f1f-acc7-f5038989207f,Retake screening,2
Questionnaire/1613532,91e7579d-ac74-4d72-955b-1a3675a2e656,ss,3
Questionnaire/1613532,fe874736-efd1-4fba-b517-5560489729b0,ss,5
Questionnaire/202,3212b2b2-f42f-46e9-b6bd-42fc29671da9,severe-anxiety,80
Questionnaire/202,583c5b02-b26c-4821-8da8-7ed9066d9d5d,9,106
Questionnaire/202,69f16284-b8a8-4a24-ab79-03bde5bcfbe9,Task/fe16552c-d6e5-4a55-8f35-9720ff0258e6,86
Questionnaire/202,829e6d32-3fa7-4d16-909b-b198aea54603,Severe depression,106
Questionnaire/204,16d05294-fee9-4d42-8447-0d578a5de192,9,114
Questionnaire/204,2171a88a-4e4d-44c4-b6b3-389723e9b505,Task/fe102ed6-8f56-453f-85cf-f4f15b368c4b/_history/1,91
Questionnaire/204,347352fc-b189-444a-aa22-df4d9e779f67,Quite a bit,38
Questionnaire/204,532fcdbc-38b7-4a35-870c-1d5222e239fb,Quite a bit,57
Questionnaire/204,5bc16477-41ff-485f-a73f-f0caa9c2c0ab,Quite a bit,40
Questionnaire/204,68bec639-6c70-41e0-88f8-fef0ad941b55,Quite a bit,58
Questionnaire/204,6a52200c-3856-4fcc-afe4-b75921da0122,Quite a bit,39
Questionnaire/204,790391ba-cf9f-4ef6-be11-b5a7b468819f,,53
Questionnaire/204,b4f73ad2-ed7a-4268-9057-a4a72b50dd10,Quite a bit,58
Questionnaire/204,b7934aa5-17f0-4320-8f65-e7a7f72c5161,true,55
Questionnaire/204,d4b3bbcc-6d23-45e1-9755-1aa0bfc1b646,This score suggests that you may not be experiencing challenges coping after a traumatic event,84
Questionnaire/204,d74aecd2-f0c4-4207-b396-b2c6d780be4a,Seeing someone be killed or seriously injured,28
Questionnaire/204,e13d2bb9-20a6-4605-a33f-5d9047f6b6a8,Quite a bit,56
Questionnaire/204,ea00e468-9c26-4a1c-a0af-1b72923b1e2e,severe-ptsd,84
Questionnaire/204,eb42041c-cb74-4d5e-8a29-941776cc0b6e,Quite a bit,40
Questionnaire/205,3212b2b2-f42f-46e9-b6bd-42fc29671da9,severe-anxiety,42
Questionnaire/205,37e0bcfd-f6d1-4b35-9556-4d458a717a23,9,45
Questionnaire/205,510776d6-8b4e-446b-abe7-80aee8ecb110,Severe anxiety,45
Questionnaire/206,85a3f14c-e4d8-4c45-9088-967ec4ea0d07,6,4
Questionnaire/207,2fb4f2f4-23b5-4f36-b444-683563ea4fb3,7,5
Questionnaire/208,058278e4-33d6-4c0f-8127-ccf923bcc7ef,What are your options?,3
Questionnaire/208,0a15f38b-027a-42ff-b1e8-ca5e2b313f71,Severe depression,12
Questionnaire/208,0c9f8c1d-5827-4d21-bd33-3240fade93ac,"Use ""I"" statements (culturally specific!) and communicate your needs",2
Questionnaire/208,10cd5560-6c41-41a6-94c5-af74ce96dc90,Severe anxiety,12
Questionnaire/208,1b3394a9-eaff-4871-9537-0d29f5712adc,Let’s try out what you are going to say before you say it at home. Rehearsal before the real event h,2
Questionnaire/208,1b59ddeb-483d-4b1b-af53-f3942204589a,What would you like to stay the same in the relationship?,6
Questionnaire/208,1c04e4db-3d54-4898-ac8a-d9e2d1cc3e3c,Where were you and who spoke first?,10
Questionnaire/208,232484cf-1aee-4bfa-a66e-61494587a16a,You said you don't have anyone close to you. Was there a time when you did? Let’s talk about those p,3
Questionnaire/208,2f7b6563-47b1-4ad4-abc3-cffdae40a57a,"Renegotiation, Impasse, More than one stage",7
Questionnaire/208,2f926bba-38b5-4b20-8852-5b9e317bb010,Let’s try out what you are going to say before you say it at home. Rehearsal before the real event h,5
Questionnaire/208,2fb4f2f4-23b5-4f36-b444-683563ea4fb3,9,72
Questionnaire/208,3bfee97a-6a0e-4cd0-bdb7-7ffa8d36191f,When did you stop arguing about the problem?,15
Questionnaire/208,3d2ccf9a-0e7b-48a0-8540-44d43b6dacfe,We've been talking about the life changes you are experiencing that are related to your current symp,3
Questionnaire/208,3e0b76f9-0902-43ba-b858-0b1505e9d168,"Who supports you?, How do you spend your time?",7
Questionnaire/208,3f63637c-1de2-4851-a088-c3b08152447e,Thursday ,2
Questionnaire/208,43801cc4-c61f-4ee0-82ad-cf6f1f799593,Let’s try out what you are going to say before you say it at home. Rehearsal before the real event h,8
Questionnaire/208,4442589a-51b2-48c3-8297-b805e525642c,Task/fdaa223c-357a-4088-a033-802d02d040b5,71
Questionnaire/208,451acc1a-26f4-4374-96da-09bfb47365a8,Would you want to try this at home,2
Questionnaire/208,4554f4b2-d15e-47e7-a10d-d77939dd3afc,What do you miss?,9
Questionnaire/208,4ad7384f-a332-4e41-9318-0d3f9e540ee7,Walked away,2
Questionnaire/208,4c95559d-86ff-4b87-a271-e52388072a53,Try to be warmer,2
Questionnaire/208,4ecf12a4-a246-4b79-b281-65b3676ca3a4,"Did you ever hit, kick, slap, or push the person?",4
Questionnaire/208,50cf6a9c-a837-4531-a13a-47381657c2b3,"Options

More",1
Questionnaire/208,547a07c2-f94c-4956-997f-0439626d0251,Some positive progress ,6
Questionnaire/208,55092b78-a252-44ed-9dcb-2fc78570dc8b,Where were you and who spoke first?,2
Questionnaire/208,57a5ca78-4761-466a-bba4-c0c84eab5243,"Let’s practice what you could say. Then, let's think about what the other person may say back. I cou",3
Questionnaire/208,59744d45-0100-4d62-b105-5cbecd973ffd,Sad,11
Questionnaire/208,5db949bd-4ebf-4d52-b850-8e951455e975,Where were you and who spoke first?,2
Questionnaire/208,601055c1-efe3-47d4-9510-1ed0cc565553,Would you want to try this at home,10
Questionnaire/208,665e1595-f169-4815-9d24-dac265f1809b,"Are there parts that you don't miss?, Are there parts that are still the same?",3
Questionnaire/208,68b3cbf5-b9ef-4da4-9ac1-bcbc20f04473,Would you like to get this relationship back?,3
Questionnaire/208,6930d457-7bec-4983-832b-3220b163f505,Loneliness,56
Questionnaire/208,6b5fa434-2fc3-4e4b-ad11-89f6260a81f2,What do you see as the problem between the two of you?,10
Questionnaire/208,6c1b2aa7-f244-4d5a-bfc6-e0faef33bfe6,"What are the things that are difficult and that you don’t like about the new situation?, Do you have",3
Questionnaire/208,6fb0c7a5-a211-43ec-af7b-5f1079399133,What do you miss?,10
Questionnaire/208,70e4d965-a614-4dc5-b2fa-4035f0444b19,Where were you and who spoke first?,6
Questionnaire/208,747188c8-4fc0-43ea-92b4-9baa32567f73,What would you like to change? ,13
Questionnaire/208,77fc70ba-6cac-494c-b27a-77ebce2289e5,"Were you satisfied with that relationship? If not, what would you have liked to be different?",3
Questionnaire/208,7ff4b5cb-2c44-434b-90e9-85c61a858097,Vyvh,17
Questionnaire/208,83176bb3-c0cb-445a-a91b-6711635b1414,,4
Questionnaire/208,86bdafab-bb90-429e-8bc5-a90dc46e7263,"Did you ever hit, kick, slap, or push the person? ",9
Questionnaire/208,8a126244-6ec2-4c81-a6d4-409dff788019,Which option or combination of options would you like to try?,2
Questionnaire/208,8ac792f5-3f3c-49d3-a800-63c662bf00cd,Have you asked for help?,2
Questionnaire/208,8c82f757-3f40-4b09-bdf4-78ee376f75a8,Let's talk about how you might begin a conversation,3
Questionnaire/208,9082f0ba-b8e5-495a-a2a4-b30918e19d53,Would you want to try this at home,5
Questionnaire/208,920de190-557a-4233-91a3-4bf293f18214,Who supports you?,7
Questionnaire/208,95121ef1-bfe5-40ce-841c-524334644148,"What often gets in the way of you initiating, pursuing, or maintaining relationships?",3
Questionnaire/208,969c0120-0b86-40e5-8881-6a145fe90aa9,Which option or combination of options would you like to try?,8
Questionnaire/208,99079ebd-1665-4503-bb37-8de493dd4a21,You need to start self help classes ,25
Questionnaire/208,9cb58d5b-0f2c-48f0-95d2-d861ab30c2a7,Okay,3
Questionnaire/208,9cc2834b-0d28-43d0-8811-509995cfcdb8,Do you see the same pattern with others?,2
Questionnaire/208,9e995f48-b092-49b2-a9e4-c7e754e446e5,Tell me about the good and the not so good,2
Questionnaire/208,9ed77f2a-0d5a-434d-b153-d8deadfbc3f8,What do you see as the problem between the two of you?,18
Questionnaire/208,9f1e5102-4441-49d8-9fbc-4ea6df196b43,Which option or combination of options would you like to try?,8
Questionnaire/208,a24c89ff-1e14-403c-8dfa-26fc6c1103d9,Task/fc283ef5-2cd3-46b2-bc00-7e8fc7ab9224/_history/1,71
Questionnaire/208,a77f07b3-7913-4708-a354-14e503a948f1,Notes here about family ,4
Questionnaire/208,a7f10195-b859-4670-abbc-a2498c4fe45f,Would you want to give this relationship one more try while we are working together?,11
Questionnaire/208,ac6eb49b-3d37-4bac-8d27-1e1ad01018ce,Video telehealth,45
Questionnaire/208,b24118e2-31c5-4e23-af3a-1722af72c299,When did you stop arguing about the problem?,7
Questionnaire/208,b31c0187-3e54-4fcf-9763-8b3f3850be92,"Use ""I"" statements (culturally specific!) and communicate your needs",6
Questionnaire/208,b95949ec-f2ee-4d04-9e52-fb61dac18e60,,8
Questionnaire/208,bc8f199a-59f0-4184-864d-b1c0befd26df,"Were you there?, Was it a long illness? If it was, were you part of caregiving? Were there any confl",8
Questionnaire/208,bcb8b5c0-bcd8-4a07-8fe3-9d59916e8b7c,To leave home,4
Questionnaire/208,bed17079-d1e5-4bbe-af07-3d7b6a86243e,"What's one thing you can do this upcoming week? For example, attend a social event, meet a family me",3
Questionnaire/208,c91209cc-1b2c-43f0-83f0-4704418ae2d5,None,1
Questionnaire/208,e1755ad4-b33a-44a3-b562-4206a582c28a,More than one stage,8
Questionnaire/208,e17756cd-4861-4dde-859c-f90241977246,"Would you like to get this relationship back?, What have you tried to get this relationship back?",3
Questionnaire/208,e1a13d53-b867-440f-8622-bccebf54f176,Would you want to give this relationship one more try while we are working together?,6
Questionnaire/208,e245b7d9-955a-4c4b-a107-e2bf5d6d2359,"Use ""I"" statements (culturally specific!) and communicate your needs",7
Questionnaire/208,e6befba3-6d25-47ae-9cac-409dfae832a2,Okay,3
Questionnaire/208,e8b8e550-4d65-42be-acb9-2f4ac17c7f49,Were you there?,7
Questionnaire/208,eb78f289-5f7d-4c89-9ddf-6b393a268462,How do you feel about trying what we have practiced?,3
Questionnaire/208,eb8828db-1674-47e7-ba9a-e3c161160b65,Where and with whom do you feel the most comfortable? Tell me about those places or people,3
Questionnaire/208,eea0b1ca-5582-4b45-b5cf-36bc0665ba44,"Use ""I"" statements (culturally specific!) and communicate your needs",3
Questionnaire/208,f9543e3c-cbff-4d2a-b3df-bf96e509d9ca,Vhhvbj,4
Questionnaire/208,f9a9f492-8eb8-4c71-8ec6-f80ab596430b,We've been talking about the life changes you are experiencing that are related to your current symp,2
Questionnaire/209,c04706e8-4a1e-4e6a-ac6e-be9dd8274990,2,1
Questionnaire/210,347352fc-b189-444a-aa22-df4d9e779f67,Quite a bit,13
Questionnaire/210,532fcdbc-38b7-4a35-870c-1d5222e239fb,Quite a bit,19
Questionnaire/210,5bc16477-41ff-485f-a73f-f0caa9c2c0ab,Quite a bit,13
Questionnaire/210,62b55d32-de8e-4abd-8489-4e3aa9270e11,9,32
Questionnaire/210,68bec639-6c70-41e0-88f8-fef0ad941b55,Quite a bit,19
Questionnaire/210,6a52200c-3856-4fcc-afe4-b75921da0122,Quite a bit,13
Questionnaire/210,a4b58f6e-3046-4a11-9e9e-e6b1547594e8,,10
Questionnaire/210,b4f73ad2-ed7a-4268-9057-a4a72b50dd10,Quite a bit,17
Questionnaire/210,d4b3bbcc-6d23-45e1-9755-1aa0bfc1b646,This score suggests that you may not be experiencing challenges coping after a traumatic event,27
Questionnaire/210,d590116a-ec42-46e3-8ab6-6259307af17e,Seeing someone be killed or seriously injured,5
Questionnaire/210,d5a448fb-4db7-45e8-858b-f2d2e7cb0eef,true,13
Questionnaire/210,e13d2bb9-20a6-4605-a33f-5d9047f6b6a8,Quite a bit,19
Questionnaire/210,ea00e468-9c26-4a1c-a0af-1b72923b1e2e,severe-ptsd,27
Questionnaire/210,eb42041c-cb74-4d5e-8a29-941776cc0b6e,Quite a bit,14
Questionnaire/211,01a4984f-7b50-47bb-9ae1-1b81ee4d6df2,9,27
Questionnaire/211,11d368a4-7f34-46d5-a8d0-6deed381945b,Severe depression,27
Questionnaire/211,4b86c897-4d68-405b-aa08-760ed6ff6792,severe-depression,25
Questionnaire/211,9c366bcc-38c8-449f-8823-8a1632f44da3,Very difficult,23
Questionnaire/212,0466b304-2876-409b-ade2-d1c675614854,Other drugs,31
Questionnaire/212,092f7cb4-cfcc-4b1b-ab5d-b7f2d68fc671,2,23
Questionnaire/212,0eb07ad0-c8fa-49b6-9c27-064d844b6c4f,Yes,25
Questionnaire/212,15799969-7565-4c3e-b488-d6a65d66c6c9,Relationships,3
Questionnaire/212,1600f791-fd2c-44d8-8384-37973785741b,Once or twice,2
Questionnaire/212,19d44e35-f7b5-43e3-be3b-fdb820503f78,,31
Questionnaire/212,1bc8823a-bbb1-444a-ad1b-dc09f57038ce,"Yes, during the last three months",24
Questionnaire/212,1eb189a2-2ae1-4a27-b4cf-9161447ff8b4,"Yes, but not in the last three months",1
Questionnaire/212,21a9c779-27be-4c08-b9ab-b0d84964145a,Monthly,1
Questionnaire/212,232a2454-1d23-4ec9-b4ee-65e3a48afb3e,7,39
Questionnaire/212,2336b352-cd6b-4044-8879-a5425c4ae5cb,Weekly,24
Questionnaire/212,272246d4-b9c5-4a8b-a349-12f75cf888d0,Discuss pros vs. cons,9
Questionnaire/212,287b1b6c-fe58-4245-90dc-87d72d296812,Reduce the amount you use,8
Questionnaire/212,28edfdea-ec6f-4d33-80e2-6d7323b3b515,"Yes, but not in the last three months",22
Questionnaire/212,2b8c1391-ba62-4800-ab3d-287fd7a9a3a5,Weekly,12
Questionnaire/212,2badbdc1-2d13-4368-b803-c2eb7a2647aa,Once or twice,23
Questionnaire/212,36af2335-ac86-4864-8a3d-619451160cc5,2 times in a day,27
Questionnaire/212,380d715b-abd0-4808-9ec4-0a1aabf9a33f,Join a community group and ,1
Questionnaire/212,386eb911-a4c5-4207-9dab-8d5973069ac5,Therapy,8
Questionnaire/212,38eb7cfd-8f4a-4743-b856-c8ddd529dac3,Yes,26
Questionnaire/212,39843731-a8e7-4822-bad7-55489947ebeb,2,1
Questionnaire/212,3b2fcef7-2e63-4aaf-b08e-c16dbc5bc33f,Yes,25
Questionnaire/212,3e1d29fe-7774-4731-bf50-ce5faaf0a528,2 days per week,27
Questionnaire/212,43dead8d-380d-4214-80f1-a1961b916bd3,Once or twice,3
Questionnaire/212,445adcc0-9c5f-4647-b339-fcb5835f1730,,31
Questionnaire/212,48d61a4b-d87d-4661-96dd-42766dbe8cc3,,4
Questionnaire/212,49bafbbf-8110-46a0-83f4-802cb1b6fd0f,Once or twice,23
Questionnaire/212,49ee0853-7d07-40af-a139-7cacc302ee41,Monthly,1
Questionnaire/212,4e2b0891-5355-4ffd-8a18-66193a0dbfbe,Once or twice,24
Questionnaire/212,54f4cac5-ac52-4caa-a6b9-f8b4a412d92e,"Yes, during the last three months",24
Questionnaire/212,582271e0-892e-4795-ac55-0b73baf828ca,"Yes, during the last three months",12
Questionnaire/212,590f26f6-d5e5-4b56-b3a8-415e038dc045,3 days per week,3
Questionnaire/212,5de2f3d9-de95-4871-919e-a00bb4f346bb,Not ready,2
Questionnaire/212,5fa54c70-1483-4dfa-92fc-22ec4d90593c,"Yes, during the last three months",9
Questionnaire/212,6281fa0d-ef3f-4013-bd31-062371828010,Yes,25
Questionnaire/212,642b120d-78f5-4ec6-9cbf-d3b9e336083e,"Yes, during the last year",41
Questionnaire/212,654d5688-f42a-469b-8494-81115b760e29,"Yes, during the last three months",23
Questionnaire/212,67c70e9e-2e10-4d4a-b354-95621a05c621,Weekly,39
Questionnaire/212,687cad76-ce92-4dca-b94f-58070b33da6f,6,12
Questionnaire/212,6ad8b269-9415-4551-8d00-9be8812bde01,Once or twice,22
Questionnaire/212,6c1d97a4-bb16-4c46-bcee-5593f472b53b,Weekly,39
Questionnaire/212,6c5e1af3-63d6-4283-9ea3-ef2b49314b1a,Once or twice,22
Questionnaire/212,6f1dfe02-2dbb-4371-ab06-a8c915495069,4,2
Questionnaire/212,6fb3e9da-948e-4d05-8cad-58d293f557f6,Quit,31
Questionnaire/212,705b4c26-4479-4d6a-adbe-b8ebdbad302e,Once or twice,23
Questionnaire/212,71679b91-ee7b-4eda-9f9d-cf85645ee848,,42
Questionnaire/212,724d0558-550c-4edc-a1d6-3bd1285bc8a5,2025-02-24,4
Questionnaire/212,73b23b0b-ff20-4eb9-aebb-a34432897116,"Yes, but not in the last three months",22
Questionnaire/212,7baaf5ce-f19b-4a40-980e-cfe53efac3f3,2,3
Questionnaire/212,7ee9b164-9830-4f7a-8317-28e0cfc1852c,Weekly,12
Questionnaire/212,7f8ade46-1d91-40a0-b67e-015a5a6aadc3,2 times in a day,3
Questionnaire/212,818b51b8-c7b3-4d64-8142-1c0798662985,Once or twice,1
Questionnaire/212,8427af19-3bad-4713-bad9-b179437fef96,5,9
Questionnaire/212,859d58d6-ee56-4ede-9773-0b7650d7c66d,,31
Questionnaire/212,86daa888-2174-4fdc-9200-cbfdbe430ab4,,42
Questionnaire/212,88accd91-b2ff-4bba-a5b1-58eaef458474,Weekly,8
Questionnaire/212,893ab0b5-f2ce-4fe2-8e2a-f9bc2a010b04,Weekly,1
Questionnaire/212,8a6c4c5b-2fc5-46f7-b9e8-e7f3865a0427,,31
Questionnaire/212,8bcb58a6-5720-4746-b0d0-22d6b6ec7c96,"Yes, during the last three months",2
Questionnaire/212,90876967-c973-4bee-9217-8c7482cb12a2,Once or twice,2
Questionnaire/212,9346e7e0-e74b-452a-addc-e6ad13d016dd,Weekly,38
Questionnaire/212,94dc51b7-59e3-4276-9afe-9b18cb7a08e1,7 to 9,39
Questionnaire/212,958d0ff5-edd9-4d25-9f4d-4ff29289bbe2,Weekly,12
Questionnaire/212,9724b66b-2162-4984-b352-0bc27bcfdfef,Weekly,39
Questionnaire/212,9cfbf571-09a3-4a3d-ae9d-24cfdf0b9ce3,Relationships,37
Questionnaire/212,9d8d7688-d1ed-4851-a6ea-59bc296f5368,Yes,42
Questionnaire/212,9dfe8a90-6551-4ae4-bcfb-c839e429a87b,3,22
Questionnaire/212,9f1fb719-c235-4826-a53e-24502bc620cc,"Yes, during the last three months",9
Questionnaire/212,a204f61e-3c3c-4cb1-9e3c-78cf8ea7ad5a,"Yes, but not in the last three months",3
Questionnaire/212,a36058d0-3ac9-4cf6-aabb-6b4859dc985d,Weekly,8
Questionnaire/212,a44b78b7-d5ab-49a8-958d-5545072692d8,3,24
Questionnaire/212,a6d0780b-f202-416d-8d9b-c418a4bdb5d0,"Yes, but not in the last three months",3
Questionnaire/212,a713e390-f199-4ed4-9a27-b9938fbf8b11,Never,50
Questionnaire/212,a7443184-d141-4bce-93fc-c393132c73b1,"Yes, but not in the last three months",1
Questionnaire/212,aa01eb31-553b-415c-bb90-1ec8d07e979e,"Yes, during the last three months",2
Questionnaire/212,aa901327-bb55-4e04-a72b-5bcc7eb22404,Yes,25
Questionnaire/212,ab8f95f3-3ca8-439f-afc2-c95a0853f9f4,,42
Questionnaire/212,abb64c97-d3a9-45a2-bec2-11f6c4dc8848,Yes,42
Questionnaire/212,ad609c63-366e-476a-b131-610ceed211da,"Places you can go to (e.g., take a walk at the park)",7
Questionnaire/212,ae15db19-8d0c-465a-a925-3e0503f0a25b,Once or twice,2
Questionnaire/212,af4330a4-7bc7-48db-bce8-364b0ff4b041,,4
Questionnaire/212,b11bfd65-1f8d-4dee-8a9e-b2044382c0d5,Once or twice,3
Questionnaire/212,b81b6e43-3b57-489e-8ea9-f35d82f9f267,,42
Questionnaire/212,b87d6054-9f94-456f-b7f6-67c73be8acc7,"Social places you can go to (e.g., take a walk at the park)",11
Questionnaire/212,ba10b935-7861-4ce4-a2c6-88bdd97709fb,"Yes, but not in the last three months",3
Questionnaire/212,ba444442-73b2-44be-b55e-c8f9fba8f7a8,Once or twice,24
Questionnaire/212,c08dae42-df65-4dba-98c6-47f9e5dafcb0,Once or twice,3
Questionnaire/212,c0911201-29b6-4cff-8cf8-fca31dc2b990,,41
Questionnaire/212,c3e99643-32dc-4e2e-983c-e694159623e3,"Yes, during the last three months",39
Questionnaire/212,c5437ab8-5d0c-4157-b06a-b5ec491dc299,Yes,42
Questionnaire/212,c6c7bd0c-812d-4931-b94c-929aa04dc45c,,42
Questionnaire/212,c93222e9-84f3-44a3-a87d-d92dafdc558e,Once or twice,3
Questionnaire/212,cd6aa7a8-5c5d-40bd-a096-d3a77a3afc2e,Once or twice,23
Questionnaire/212,d11e0ac3-5faf-4986-a633-22efa8c74c4d,Once or twice,2
Questionnaire/212,d169ab54-4544-4d1a-8687-6abc289982a4,Weekly,39
Questionnaire/212,d4317308-24ec-4ce6-8659-54d4f1aa7e96,Once or twice,24
Questionnaire/212,da1016a2-b3c5-4ea5-ae4a-0cce5d9c51db,Weekly,12
Questionnaire/212,da17f7fc-0919-44cb-a41c-fa8480bd3c40,"Yes, during the last three months",12
Questionnaire/212,da46a37c-1678-4f34-80b5-f69589bc8844,Once or twice,2
Questionnaire/212,daf9b1ff-06c5-45a7-a3d1-26977a2e2b41,,42
Questionnaire/212,db4b99b9-2cae-4833-bb08-fe7e94156b49,Weekly,9
Questionnaire/212,db7cc8b8-b558-41c8-9849-a80252710491,Unsure,41
Questionnaire/212,dc9d1ab7-8f17-4ea3-b9c1-24ff00a5f197,Weekly,22
Questionnaire/212,ddb86794-a4d0-47e8-8a6d-2d27b8e4c4f4,Internally,8
Questionnaire/212,e06c266d-8bd5-4232-85dc-f61a9d33aff2,Once or twice,3
Questionnaire/212,e1d9ecfa-c456-4109-8807-b8e26ffb69aa,Once or twice,3
Questionnaire/212,e2c84a83-1568-4593-9ea4-4f6c3978edd6,Once or twice,22
Questionnaire/212,e4bd2450-08cb-410f-8f81-743d84749347,Weekly,2
Questionnaire/212,e5787dda-4b43-4ae0-8cea-3062732f5a9d,,1
Questionnaire/212,e8e7d8b0-88e2-4bae-8990-c3ae94165ef9,,42
Questionnaire/212,e9a44d1a-ecf7-43af-835c-f4b5f73828d3,Work toward a goal,31
Questionnaire/212,ea3c9480-429c-4f5c-ac95-0c8c68b8c4b0,4,3
Questionnaire/212,eaa83f10-5cad-4c71-96b9-528e45af44fe,Yes,25
Questionnaire/212,ebf2e364-e7d7-44ec-a463-757c8e24d509,Relationship problems,37
Questionnaire/212,ec346c72-9835-4b5a-8088-1797a200f995,Weekly,39
Questionnaire/212,edced328-6f82-458a-bce4-35987bff19fb,Lmk,1
Questionnaire/212,ef06e3fc-45f0-40a3-aca9-43293339689b,,42
Questionnaire/212,f53db683-31e1-4d83-82c4-7e3a02f9ee88,"Yes, during the last year",41
Questionnaire/212,f7444114-6b17-4300-80a1-a6376fd135d4,Weekly,9
Questionnaire/212,f7c474fa-87f7-454c-9f1b-1f53b9e4d1ac,Yes,25
Questionnaire/212,f9fc5555-b1e6-4251-8047-13162c0b0cca,"Yes, but not in the last three months",3
Questionnaire/212,fac09a6e-c280-426d-94a1-0aa707e35084,"Yes, but not in the last three months",23
Questionnaire/212,fae920b4-84d9-4576-9fac-51cba163ffd1,Quit,9
Questionnaire/212,fd89df57-4b13-432f-a5b9-d54918f8d4ba,,42
Questionnaire/212,ff55dd63-f51c-420b-97a0-f957d31d6b19,,21
Questionnaire/221,36d39dbe-00e2-4e29-f079-3ec8f0119aff,Date of Birth Unknown,326
Questionnaire/221,597f4425-72b3-4bc4-8f38-b742aa3e99cd,Xx,71
Questionnaire/221,77e32953-0679-48b5-f004-1ab4a4ac0271,Straight,380
Questionnaire/221,8460d986-ef71-4997-80ee-7887d8c345e7,96,326
Questionnaire/221,8fb87910-d900-4eea-dbba-dcf76ee6806d,Zero,275
Questionnaire/221,c02a80e7-ebf0-48b5-9752-28a48dba487f,Zx3453,243
Questionnaire/221,c31ef6d1-336b-4260-9881-67ba7b477ae0,,249
Questionnaire/221,e6306275-b989-4375-8527-3a56092081b8,Zuri,410
Questionnaire/221,f9aa068d-8d94-4b3d-b9da-ce05a59cecdd,Prefer not to answer,386
Questionnaire/54,0cfe26b9-8cd8-4d03-938f-991ebab4b3c0,severe-depression,98
Questionnaire/54,4a05b4fe-b514-4751-91be-adb1b278430c,Severe depression,130
Questionnaire/54,9c366bcc-38c8-449f-8823-8a1632f44da3,Very difficult,110
Questionnaire/54,b3d8e9fc-0435-47c5-a3f7-a0ce6cf41879,9,130
Questionnaire/54,f5675128-0cd4-423f-840c-8dcff1e2a429,Task/ff51be1c-de14-43f0-b6fb-9a2555854810/_history/1,104
Questionnaire/56,347352fc-b189-444a-aa22-df4d9e779f67,Quite a bit,24
Questionnaire/56,532fcdbc-38b7-4a35-870c-1d5222e239fb,Quite a bit,32
Questionnaire/56,5bc16477-41ff-485f-a73f-f0caa9c2c0ab,Quite a bit,24
Questionnaire/56,68bec639-6c70-41e0-88f8-fef0ad941b55,Quite a bit,32
Questionnaire/56,6a52200c-3856-4fcc-afe4-b75921da0122,Quite a bit,24
Questionnaire/56,931dc4ee-b677-4812-9372-3fea7012e9bc,,14
Questionnaire/56,9de6571c-3f74-4694-a567-ac5c897f96cb,9,50
Questionnaire/56,b4f73ad2-ed7a-4268-9057-a4a72b50dd10,Quite a bit,32
Questionnaire/56,c8456561-48fb-49b5-a8e6-6f1a7c2ed7e4,true,17
Questionnaire/56,d4b3bbcc-6d23-45e1-9755-1aa0bfc1b646,This score suggests that you may not be experiencing challenges coping after a traumatic event,44
Questionnaire/56,dd349377-e542-4b4f-8fba-795f91431f7d,Other,8
Questionnaire/56,e13d2bb9-20a6-4605-a33f-5d9047f6b6a8,Quite a bit,32
Questionnaire/56,ea00e468-9c26-4a1c-a0af-1b72923b1e2e,severe-ptsd,44
Questionnaire/56,eb42041c-cb74-4d5e-8a29-941776cc0b6e,Quite a bit,24
Questionnaire/57,7239b680-ef7a-4f9f-87ff-a77bf21d96d4,Severe depression,51
Questionnaire/57,7afb89dc-d53b-4dc3-a185-43dbb4854172,9,51
Questionnaire/57,a07491bd-039d-417b-9caf-0af536316594,severe-depression,46
Questionnaire/58,044d9000-1935-4b35-9947-d668de09f10b,Where were you and who spoke first?,8
Questionnaire/58,0984569b-3fd6-4c4e-a391-e68e73b46f00,Let’s try out what you are going to say before you say it at home. Rehearsal before the real event h,3
Questionnaire/58,0a15f38b-027a-42ff-b1e8-ca5e2b313f71,Severe depression,65
Questionnaire/58,0b80fd6e-3e52-4d1f-aa19-bbfdd912d724,Which option or combination of options would you like to try?,18
Questionnaire/58,0c9f8c1d-5827-4d21-bd33-3240fade93ac,Focus on the specific situation,3
Questionnaire/58,0e5c44d8-3ec0-427a-99a5-58c2c9cdf9c3,Would you want to try this at home,8
Questionnaire/58,10cd5560-6c41-41a6-94c5-af74ce96dc90,Severe depression,65
Questionnaire/58,126c7309-8143-4c33-857f-41cc6bed09d8,Let’s try out what you are going to say before you say it at home. Rehearsal before the real event h,18
Questionnaire/58,232484cf-1aee-4bfa-a66e-61494587a16a,You said you don't have anyone close to you. Was there a time when you did? Let’s talk about those p,6
Questionnaire/58,287593c3-4174-45af-a998-71d249230943,Very sad,19
Questionnaire/58,2a5d7010-a84b-414c-adcb-ad0f49a95740,Let’s try out what you are going to say before you say it at home. Rehearsal before the real event h,7
Questionnaire/58,2ef63cf4-b37e-4216-a8e1-db6d1b91cc2a,At office ,1
Questionnaire/58,2efaba4d-f5af-45f3-9340-1ba9b3fffc1c,,8
Questionnaire/58,2f9608db-8796-4f45-89b7-741585b8a362,Would you want to try this at home,5
Questionnaire/58,301ae5ab-7dac-4414-a80a-f8784ba6bf51,,111
Questionnaire/58,3abecf2a-c87b-4fad-96eb-e9abc37e9c54,Task/fed56aeb-7187-4e92-a2e4-ce335525c32f/_history/1,105
Questionnaire/58,3bfee97a-6a0e-4cd0-bdb7-7ffa8d36191f,When did you stop arguing about the problem?,25
Questionnaire/58,3d2ccf9a-0e7b-48a0-8540-44d43b6dacfe,We've been talking about the life changes you are experiencing that are related to your current symp,4
Questionnaire/58,3e0b76f9-0902-43ba-b858-0b1505e9d168,Who supports you?,12
Questionnaire/58,3f63637c-1de2-4851-a088-c3b08152447e,Enterhere,2
Questionnaire/58,4c95559d-86ff-4b87-a271-e52388072a53,Try to be warmer,2
Questionnaire/58,50cf6a9c-a837-4531-a13a-47381657c2b3,Options,3
Questionnaire/58,52f7924d-1c66-4049-8611-26d4e7bcb260,Where were you and who spoke first?,3
Questionnaire/58,547a07c2-f94c-4956-997f-0439626d0251,Some positive progress ,7
Questionnaire/58,5817d327-373e-4fc0-9bac-b64e408b0e7f,Would you want to try this at home,4
Questionnaire/58,5d0b76c5-a416-45a4-a8fc-9889ea840a03,Video telehealth,66
Questionnaire/58,62c9e3f2-30aa-46b0-9190-aa36a1804fdc,,8
Questionnaire/58,62cd085f-52d4-44de-881c-93058f201559,,16
Questionnaire/58,63ac8d07-518c-4791-849a-a9e2c282ce9a,Let’s try out what you are going to say before you say it at home. Rehearsal before the real event h,4
Questionnaire/58,665e1595-f169-4815-9d24-dac265f1809b,What do you miss from your old life?,4
Questionnaire/58,6930d457-7bec-4983-832b-3220b163f505,Loneliness,68
Questionnaire/58,6c0d6638-9b65-4016-b3f0-4008f8e462c2,Task/ff775b5c-fd3b-4d6e-a0da-57bc282c407b/_history/1,105
Questionnaire/58,6c1b2aa7-f244-4d5a-bfc6-e0faef33bfe6,What are the things that are difficult and that you don’t like about the new situation?,4
Questionnaire/58,6fb0c7a5-a211-43ec-af7b-5f1079399133,What do you miss?,14
Questionnaire/58,6ff6f541-cb58-48d3-b7eb-24ab667f0a94,,13
Questionnaire/58,747188c8-4fc0-43ea-92b4-9baa32567f73,What would you like to stay the same in the relationship?,23
Questionnaire/58,7ff4b5cb-2c44-434b-90e9-85c61a858097,Witikio,37
Questionnaire/58,83176bb3-c0cb-445a-a91b-6711635b1414,,18
Questionnaire/58,85a3f14c-e4d8-4c45-9088-967ec4ea0d07,9,106
Questionnaire/58,86bdafab-bb90-429e-8bc5-a90dc46e7263,"Did you ever hit, kick, slap, or push the person?",15
Questionnaire/58,8feb859b-ec9b-40c9-b576-9519401808ef,9,65
Questionnaire/58,94e90f68-ea59-4837-b0ad-452f5f0336c3,This score suggests that you may not be experiencing challenges coping after a traumatic event,49
Questionnaire/58,96171fdd-a424-4c09-91e8-31986ac315f7,9,65
Questionnaire/58,99079ebd-1665-4503-bb37-8de493dd4a21,Work ,48
Questionnaire/58,9cb58d5b-0f2c-48f0-95d2-d861ab30c2a7,Vgtb,5
Questionnaire/58,9cc2834b-0d28-43d0-8811-509995cfcdb8,"What often gets in the way of you initiating, pursuing, or maintaining relationships?",5
Questionnaire/58,9eac8fed-4265-447f-bbde-0986c34f3875,What are your options?,6
Questionnaire/58,9ed77f2a-0d5a-434d-b153-d8deadfbc3f8,What do you see as the problem between the two of you?,30
Questionnaire/58,a4a9cad5-04db-44e5-9a9d-0f1bf40ca840,Life changes,12
Questionnaire/58,a77f07b3-7913-4708-a354-14e503a948f1,Uriejd,9
Questionnaire/58,a7f10195-b859-4670-abbc-a2498c4fe45f,Would you want to give this relationship one more try while we are working together?,22
Questionnaire/58,a9314459-f6d9-4ebb-84e7-f1a1968cfd7c,,81
Questionnaire/58,ac0ade27-9e9a-42a9-8ec6-4e7e79830299,Loneliness,21
Questionnaire/58,b31c0187-3e54-4fcf-9763-8b3f3850be92,"Use ""I"" statements (culturally specific!) and communicate your needs",7
Questionnaire/58,b93eafea-8b01-4b21-994b-c45113622a93,Where were you and who spoke first?,23
Questionnaire/58,bc8f199a-59f0-4184-864d-b1c0befd26df,Were you there?,12
Questionnaire/58,bcb8b5c0-bcd8-4a07-8fe3-9d59916e8b7c,To leave home,4
Questionnaire/58,bed17079-d1e5-4bbe-af07-3d7b6a86243e,"What's one thing you can do this upcoming week? For example, attend a social event, meet a family me",6
Questionnaire/58,c91209cc-1b2c-43f0-83f0-4704418ae2d5,None,1
Questionnaire/58,d8eb3c09-b97d-4d55-9590-e6ce932a7a10,,21
Questionnaire/58,e1755ad4-b33a-44a3-b562-4206a582c28a,Renegotiation,26
Questionnaire/58,e17756cd-4861-4dde-859c-f90241977246,Would you like to have more relationships now?,6
Questionnaire/58,e245b7d9-955a-4c4b-a107-e2bf5d6d2359,"Use ""I"" statements (culturally specific!) and communicate your needs",17
Questionnaire/58,e6befba3-6d25-47ae-9cac-409dfae832a2,Okay,3
Questionnaire/58,e73f462c-e543-4a3d-849d-dbedcb831444,Where were you and who spoke first?,4
Questionnaire/58,eb8828db-1674-47e7-ba9a-e3c161160b65,Where and with whom do you feel the most comfortable? Tell me about those places or people,5
Questionnaire/58,ecd82c04-48de-48ec-8efe-24cbe04cbe4b,Which option or combination of options would you like to try?,4
Questionnaire/58,eea0b1ca-5582-4b45-b5cf-36bc0665ba44,"Use ""I"" statements (culturally specific!) and communicate your needs",5
Questionnaire/58,f39b0b39-2058-4c29-a183-aac5dc70e083,Would you want to try this at home,18
Questionnaire/58,f82f76f4-648a-453a-916d-28795448a758,Which option or combination of options would you like to try?,13
Questionnaire/58,f9543e3c-cbff-4d2a-b3df-bf96e509d9ca,Vhhvbj,10
Questionnaire/59,3212b2b2-f42f-46e9-b6bd-42fc29671da9,severe-anxiety,34
Questionnaire/59,534c4998-b964-4101-b919-ff3c26af9714,9,37
Questionnaire/59,d34c5839-fad9-4824-b2dc-9e0161647402,Severe anxiety,37
Questionnaire/60,347352fc-b189-444a-aa22-df4d9e779f67,Quite a bit,19
Questionnaire/60,532fcdbc-38b7-4a35-870c-1d5222e239fb,Quite a bit,26
Questionnaire/60,5bc16477-41ff-485f-a73f-f0caa9c2c0ab,Quite a bit,20
Questionnaire/60,68bec639-6c70-41e0-88f8-fef0ad941b55,Quite a bit,28
Questionnaire/60,6a52200c-3856-4fcc-afe4-b75921da0122,Quite a bit,20
Questionnaire/60,a51fba17-fccd-4b65-ada3-5c50a75e5d49,,9
Questionnaire/60,b4f73ad2-ed7a-4268-9057-a4a72b50dd10,Quite a bit,26
Questionnaire/60,cbad1c80-ab95-4720-ba6a-0eadd718905d,9,39
Questionnaire/60,d4b3bbcc-6d23-45e1-9755-1aa0bfc1b646,This score suggests that you may not be experiencing challenges coping after a traumatic event,37
Questionnaire/60,e13d2bb9-20a6-4605-a33f-5d9047f6b6a8,Quite a bit,28
Questionnaire/60,e4c58005-803f-4bc3-adaa-1f84c5824b6e,Seeing someone be killed or seriously injured,4
Questionnaire/60,ea00e468-9c26-4a1c-a0af-1b72923b1e2e,severe-ptsd,37
Questionnaire/60,eb42041c-cb74-4d5e-8a29-941776cc0b6e,Quite a bit,20
Questionnaire/60,f5002611-caf9-4792-8d10-e7870459ea17,true,11
Questionnaire/61,45f52042-6802-4d9c-9f86-6578923d0fd1,9,39
Questionnaire/61,4650a511-2184-4b0b-9e43-54f45f4340a9,severe-depression,36
Questionnaire/61,55d78cf4-0963-4c44-af44-6004a8abbb3e,Severe depression,39
Questionnaire/62,3212b2b2-f42f-46e9-b6bd-42fc29671da9,severe-anxiety,25
Questionnaire/62,3e626219-c0e4-465e-92e6-9e976c52614c,9,29
Questionnaire/62,e4155e07-1d18-448f-8111-182bf4149672,Severe anxiety,29
Questionnaire/63,05617430-b835-4ebd-8d6a-ff58ef6d2824,Needs urgent help ,5
Questionnaire/63,0b12311e-d9a3-40b4-bb18-5cc6135a3850,Notes here,5
Questionnaire/63,19dd65c2-8709-4745-81f2-4d4843c4307f,Sadness,5
Questionnaire/63,39dfd1f4-01db-4057-9734-4f2fbd83b8fe,Tunakungojea,7
Questionnaire/63,3ce3bf84-176e-40bc-8075-1517a03c6bef,Wewe ni wetu,7
Questionnaire/63,4602f806-3bf4-4f16-bee1-c2e690dca588,,5
Questionnaire/63,49a270cd-b72b-42a6-92e3-c139f7a85d74,Task/fe906f90-2c45-4f06-b789-62116965ab6f/_history/1,41
Questionnaire/63,4c457ea8-c60d-49f7-b166-ebabf737ab22,rerwer,5
Questionnaire/63,4e9014d1-e07c-492e-897a-3bf7e8f6f018,Referral to mental health specialist,5
Questionnaire/63,6d9345d7-61a0-425b-8496-8b08d68175d0,Feeling changed,1
Questionnaire/63,749d2a97-4195-4516-8079-60638a4d9e82,Notes here,5
Questionnaire/63,7b65857a-5c04-4414-833d-10602f04d299,To be okay alone,6
Questionnaire/63,7db481df-19e5-400c-a206-4811b39485d5,Uji,4
Questionnaire/63,7fef53bc-56db-47ce-8cba-8efd4bcbc318,Wonderful,8
Questionnaire/63,83a63af9-6f49-4fad-bca9-80776fc97be7,Wewe,7
Questionnaire/63,91e7579d-ac74-4d72-955b-1a3675a2e656,Needs urgent help,1
Questionnaire/63,936d5c53-d176-4c63-9a3a-e9e7f9db3f99,Video telehealth,30
Questionnaire/63,978ba6cf-b149-49e2-89c3-89a0e18461bc,Winning,7
Questionnaire/63,9848888d-1ec0-4d43-b53f-7613ba5144fe,Okay,2
Questionnaire/63,9a02423f-9848-4254-b427-3dfa8819d0de,rerer,4
Questionnaire/63,9b602b02-e5f9-4795-9fb9-fc7ae4353a19,Okay ,5
Questionnaire/63,a302513b-141a-4316-9546-d013212a361e,Task/ff92d890-d064-4d2b-99e6-c97bf5726be8/_history/1,41
Questionnaire/63,a3831bfc-0175-4e5a-8d8d-7313c7f2b69b,Referral to mental health specialist,36
Questionnaire/63,a8c2cacf-7ee5-4076-af42-19d0eba0e6d6,reerwer,5
Questionnaire/63,aa30ce6c-4153-46d8-a4af-83012eafa23d,Okay ,5
Questionnaire/63,aa8d0648-9550-489a-9543-4f00d43ba1fe,Okay,6
Questionnaire/63,b46d08e9-6af9-47be-a09a-afd0cfdf41de,2024-10-31,1
Questionnaire/63,ca41ccab-5f0b-4538-b394-ad342a0b5bdc,9,38
Questionnaire/63,cb8337b0-c822-4374-895b-ee875da4d7f6,Uji,8
Questionnaire/63,dd000285-7c36-44b4-82e6-4e8826665036,Not much change but lower depression,4
Questionnaire/63,e67ca22d-e803-4790-bbce-126f2c863490,Work hard,6
Questionnaire/63,ec39511c-de47-469d-ac44-973e3fc08532,2025-02-01,10
Questionnaire/63,fe874736-efd1-4fba-b517-5560489729b0,Muli,4
Questionnaire/69,17b7fda5-514c-4408-88e7-52313ab0ef2f,2024-11-20,8
Questionnaire/69,8489d249-1ef3-4edb-aa99-b5713fd2cb0a,Rer,3
Questionnaire/69,98ac4694-590e-4cc2-83f3-cc6455e688c5,55,8
Questionnaire/69,a11ebb0d-acb3-4038-956b-293a41acb85b,Patient/f01aa0d5-7e65-4f61-a787-ab4dd2535fa6/_history/1,26
Questionnaire/69,b6c21488-87b8-4213-8cd0-d482367669c1,2024-11-19,6
Questionnaire/69,cd73cfdf-6d70-4b42-8887-21e27db0b9ec,Reason Unknown,6
Questionnaire/69,f83bb7c0-dfd6-4aa8-9cb9-89d48b8040ff,Wrong/double entry,26
Questionnaire/q-common-mental-health-symptoms,16d05294-fee9-4d42-8447-0d578a5de192,9,37
Questionnaire/q-common-mental-health-symptoms,347352fc-b189-444a-aa22-df4d9e779f67,Quite a bit,18
Questionnaire/q-common-mental-health-symptoms,4a05b4fe-b514-4751-91be-adb1b278430c,Severe depression,37
Questionnaire/q-common-mental-health-symptoms,532fcdbc-38b7-4a35-870c-1d5222e239fb,Quite a bit,37
Questionnaire/q-common-mental-health-symptoms,583c5b02-b26c-4821-8da8-7ed9066d9d5d,9,37
Questionnaire/q-common-mental-health-symptoms,5bc16477-41ff-485f-a73f-f0caa9c2c0ab,Quite a bit,18
Questionnaire/q-common-mental-health-symptoms,68bec639-6c70-41e0-88f8-fef0ad941b55,Quite a bit,37
Questionnaire/q-common-mental-health-symptoms,6a52200c-3856-4fcc-afe4-b75921da0122,Quite a bit,18
Questionnaire/q-common-mental-health-symptoms,829e6d32-3fa7-4d16-909b-b198aea54603,Severe anxiety,37
Questionnaire/q-common-mental-health-symptoms,9c366bcc-38c8-449f-8823-8a1632f44da3,Very difficult,7
Questionnaire/q-common-mental-health-symptoms,b3d8e9fc-0435-47c5-a3f7-a0ce6cf41879,9,37
Questionnaire/q-common-mental-health-symptoms,b4f73ad2-ed7a-4268-9057-a4a72b50dd10,Quite a bit,37
Questionnaire/q-common-mental-health-symptoms,d4b3bbcc-6d23-45e1-9755-1aa0bfc1b646,This score suggests that you may not be experiencing challenges coping after a traumatic event,37
Questionnaire/q-common-mental-health-symptoms,e13d2bb9-20a6-4605-a33f-5d9047f6b6a8,Quite a bit,37
Questionnaire/q-common-mental-health-symptoms,eb42041c-cb74-4d5e-8a29-941776cc0b6e,Quite a bit,18
Questionnaire/q-financial-wellness-tool,21234567-89ab-cdef-0123-456789abcdef,Yes,36
Questionnaire/q-financial-wellness-tool,31234567-89ab-cdef-0123-456789abcdef,Yes,37
Questionnaire/q-financial-wellness-tool,3456789a-bcde-f012-3456-789abcdef012,Very hard,37
Questionnaire/q-financial-wellness-tool,51234567-89ab-cdef-0123-456789abcdef,Strongly disagree,36
Questionnaire/q-financial-wellness-tool,61234567-89ab-cdef-0123-456789abcdef,Yes,37
Questionnaire/q-financial-wellness-tool,6789abcd-ef01-2345-6789-abcdef012345,Sometimes,37
Questionnaire/q-financial-wellness-tool,91234567-89ab-cdef-0123-456789abcdef,Yes,37
Questionnaire/q-financial-wellness-tool,c1234567-89ab-cdef-0123-456789abcdef,Yes,37
Questionnaire/q-financial-wellness-tool,cdef0123-4567-89ab-cdef-0123456789ab,Sometimes true,37
Questionnaire/q-financial-wellness-tool,f0123456-789a-bcde-f012-3456789abcde,Sometimes true,37
Questionnaire/q-financial-wellness-tool,f1234567-89ab-cdef-0123-456789abcdef,Yes,37
Questionnaire/q-financial-wellness-tool,f1a2b3c4-5e6f-4a1b-8c7d-9e0f1a2b3c4d,Somewhat,37
Questionnaire/q-planning-next-steps,12894a06-d244-4426-06f5-f2a3b4c5d6e7,Referral to mental health specialist,9
Questionnaire/q-planning-next-steps,1d2fdd10-a4d1-43e0-8042-8772146e63f7,Referred ,4
Questionnaire/q-planning-next-steps,256b56d8-c4c2-4313-9e2d-6720941be85f,Okay,10
Questionnaire/q-planning-next-steps,2cb66889-3c74-40ff-be3d-183fdb17ce2d,,30
Questionnaire/q-planning-next-steps,34a56c28-f466-4648-2817-41b2c3d4e5f6,,4
Questionnaire/q-planning-next-steps,34ab6c28-f466-4648-2817-14c5d6e7f8a9,Referres,7
Questionnaire/q-planning-next-steps,34ab6c28-f466-4648-2817-1eacbdcedf01,,8
Questionnaire/q-planning-next-steps,3b9f7e5d-9a66-4c4d-8e1d-4d5e6f7a8b9d,,7
Questionnaire/q-planning-next-steps,3d373ba7-14fa-43bb-bd27-52fad3d2783f,SBIRT - Motivational Interviewing,27
Questionnaire/q-planning-next-steps,45b67d39-0577-4759-3928-52c3d4e5f6a7,Safety,4
Questionnaire/q-planning-next-steps,45bc7d39-0577-4759-3928-2fbdcedf0123,Others,5
Questionnaire/q-planning-next-steps,4ca08f6e-0b77-4d5e-9f2e-5e6f7a8b9cae,Mental health,2
Questionnaire/q-planning-next-steps,56cd8e4a-1688-486a-4a39-3acedf012345,Not interested,1
Questionnaire/q-planning-next-steps,5db19a7f-1c88-4e6f-8a3f-6f7a8b9c0dbf,2025-09-24,7
Questionnaire/q-planning-next-steps,69712544-6237-4962-a455-ee6e9ee80000,,9
Questionnaire/q-planning-next-steps,76ba8dbe-5456-4de4-bdde-4b8059ecfa0e,,12
Questionnaire/q-planning-next-steps,9311146c-720d-47f6-b902-aeecaf3c0574,Hh,1
Questionnaire/q-planning-next-steps,950d904a-da1a-4ccd-988d-ea6b463ee106,2026-05-05,13
Questionnaire/q-planning-next-steps,9a8b7c6d-5e4f-4a3b-2c1d-0e9f8a7b6c5d,,6
Questionnaire/q-planning-next-steps,a1b2c3d4-e5f6-4a7b-8c9d-0e1f2a3b4c5d,"SBIRT - Motivational Interviewing<br><span style=""color:#006BBA""><i><b>Recommended</b></i></span>",25
Questionnaire/q-planning-next-steps,ab12d39f-6bdd-4dbf-9f8e-8f13456789ab,,9
Questionnaire/q-planning-next-steps,b1c2d3e4-f5a6-4b7c-8d9e-0f1a2b3c4d5e,They gtycyvuy,20
Questionnaire/q-planning-next-steps,b2c3d4e5-f6a7-4b8c-9d0e-1f2a3b4c5d6e,,13
Questionnaire/q-planning-next-steps,bc23e4a0-7cee-4ec0-a09f-902456789abc,Test,4
Questionnaire/q-planning-next-steps,bc2def4a-7cee-4ec0-a09f-cf3a4b5c6d7e,,3
Questionnaire/q-planning-next-steps,c3d4e5f6-a7b8-4c9d-0e1f-2a3b4c5d6e7f,,18
Questionnaire/q-planning-next-steps,c9d8b7a6-f5e4-4d3c-b2a1-09f8e7d6c5b4,,14
Questionnaire/q-planning-next-steps,cd34f5b1-8dff-4fd1-b1a0-a1356789abcd,Not interested,3
Questionnaire/q-planning-next-steps,cd34f5b1-8dff-4fd1-b1a0-ad3b4c5d6e7f,,7
Questionnaire/q-planning-next-steps,cd3ef5b1-8dff-4fd1-b1a0-da4b5c6d7e8f,Iwbwb,3
Questionnaire/q-planning-next-steps,d0e1f2a3-b4c5-4d6e-7f8a-9b0c1d2e3f4a,Needs checkups,10
Questionnaire/q-planning-next-steps,de4506c2-9e00-40e2-c2b1-be4c5d6e7f8a,Hhh,5
Questionnaire/q-planning-next-steps,de4f06c2-9e00-40e2-c2b1-eb5c6d7e8f90,2025-08-27,3
Questionnaire/q-planning-next-steps,e6a2b8e5-3d5f-4f5a-9a3d-f2e1c0b9a8d7,Referral to mental health specialist,6
Questionnaire/q-planning-next-steps,ef5617d3-af11-41f3-d3c2-cf5d6e7f8a9b,Already received a similar service,1
Questionnaire/q-planning-next-steps,ef5617d3-af11-41f3-d3c2-fcd0e1f2a3b4,,9
Questionnaire/q-planning-next-steps,f06728e4-b022-4204-e4d3-d0e1f2a3b4c5,peace,8
Questionnaire/q-planning-next-steps,f4e3d2c1-b0a9-4988-7766-554433221100,Interested but not now,5
Questionnaire/q-planning-next-steps,fe874736-efd1-4fba-b517-5560489729b0,Willy,16
